<?xml version="1.0" encoding="UTF-8" standalone="yes"?>
<addon id="script.nhlscores" name="NHL Scores" version="2022.4.30+matrix.1" provider-name="eracknaphobia">
    <requires>
        <import addon="xbmc.python" version="3.0.0"/>
        <import addon="script.module.pytz" />
        <import addon="script.module.requests" />
    </requires>
   	<extension point="xbmc.service" library="default.py"/>
    <extension point="xbmc.addon.metadata">
        <platform>all</platform>
        <summary lang="en_GB">Get live NHL score notifications</summary>
        <description lang="en_GB">Live scoring and game updates via kodi notifications
        </description>
        <news>
            - Run as service
        </news>
        <language>en</language>
        <platform>all</platform>
        <license>GPL-2.0-or-later</license>
        <source>https://github.com/eracknaphobia/script.nhlscores</source>
        <assets>
            <icon>resources/icon.png</icon>
            <fanart>resources/fanart.jpg</fanart>
            <screenshot>resources/screenshot-1.jpg</screenshot>
            <screenshot>resources/screenshot-2.jpg</screenshot>
            <screenshot>resources/screenshot-3.jpg</screenshot>
        </assets>
    </extension>
</addon>
